name,price,url
5000,,https://www.divan.ru/product/divan-numo-velvet-pink
1832,,https://www.divan.ru/product/banketka-vajli-velvet-light
9832,,https://www.divan.ru/product/divan-rien-velvet-stone
5499,,https://www.divan.ru/product/kreslo-koto-cozy-beige
5000,,https://www.divan.ru/product/divan-numo-mini-textile-yellow
18 332,,https://www.divan.ru/product/divan-uglovoj-onte-bucle-silver
3832,,https://www.divan.ru/product/kreslo-vitio-velvet-yellow-new
6832,,https://www.divan.ru/product/kreslo-pajpel-2-bucle-forest
5000,,https://www.divan.ru/product/divan-vidi-textile-navy-blue
5332,,https://www.divan.ru/product/kreslo-ansil-bucle-milk
9999,,https://www.divan.ru/product/divan-uglovoj-aront-mini-velvet-olive
1499,,https://www.divan.ru/product/puf-krops-bucle-lilac
765,,https://www.divan.ru/product/puf-kofi-velvet-light
3999,,https://www.divan.ru/product/kreslo-tilar-textile-yellow
7499,,https://www.divan.ru/product/divan-lavi-velvet-moss
4165,,https://www.divan.ru/product/divan-viks-textile-silver
7332,,https://www.divan.ru/product/kreslo-londi-cozy-ivory
7832,,https://www.divan.ru/product/divan-lille-velvet-atlantic
1665,,https://www.divan.ru/product/puf-dzen-1-velvet-beige
7499,,https://www.divan.ru/product/divan-sannes-velvet-terra
4665,,https://www.divan.ru/product/divan-rotterdam-velvet-silver
11 165,,https://www.divan.ru/product/divan-svaut-velvet-beige
5000,,https://www.divan.ru/product/divan-uglovoj-staus-velvet-olive
11 665,,https://www.divan.ru/product/divan-term-velvet-beige
3832,,https://www.divan.ru/product/kreslo-krovat-kejses-velvet-grey
3665,,https://www.divan.ru/product/kushetka-rint-bucle-pink
6665,,https://www.divan.ru/product/divan-tajlin-velvet-yellow
4999,,https://www.divan.ru/product/kreslo-elvit-cozy-ivory
9999,,https://www.divan.ru/product/divan-slipson-velvet-silver
9165,,https://www.divan.ru/product/divan-uglovoj-allaum-linia-mint
3665,,https://www.divan.ru/product/kreslo-vinsi-textile-ginger
9999,,https://www.divan.ru/product/divan-ron-textile-grafit
19 325,,https://www.divan.ru/product/modulnyj-divan-eten-1-vertical-milk
11 165,,https://www.divan.ru/product/divan-spejs-soft-navy-blue
1999,,https://www.divan.ru/product/puf-akera-2-velvet-yellow
9832,,https://www.divan.ru/product/divan-abi-mini-linia-mint
14 165,,https://www.divan.ru/product/divan-leri-barhat-blue
13 332,,https://www.divan.ru/product/divan-uglovoj-markful-velvet-light
10 832,,https://www.divan.ru/product/divan-leri-mini-velvet-light
11 165,,https://www.divan.ru/product/divan-ebi-velvet-blue
15 832,,https://www.divan.ru/product/divan-spejs-2-velvet-beige
13 164,,https://www.divan.ru/product/modulnyj-divan-ribbl-1-bucle-lilac
6165,,https://www.divan.ru/product/kreslo-kaldera-bucle-cloud
3999,,https://www.divan.ru/product/kreslo-tilar-cozy-milk
11 332,,https://www.divan.ru/product/divan-uglovoj-darol-velvet-silver
13 332,,https://www.divan.ru/product/divan-disent-velvet-beige
5332,,https://www.divan.ru/product/divan-tilar-textile-grafit
12 165,,https://www.divan.ru/product/divan-uglovoj-edvin-velvet-terra
name,price,url
Диван прямой Нумо Velvet Pink,,https://www.divan.ru/product/divan-numo-velvet-pink
Банкетка Вайли Velvet Light,,https://www.divan.ru/product/banketka-vajli-velvet-light
Диван прямой Риен Velvet Stone,,https://www.divan.ru/product/divan-rien-velvet-stone
Кресло Кото Cozy Beige,,https://www.divan.ru/product/kreslo-koto-cozy-beige
Диван прямой Нумо Мини Textile Yellow,,https://www.divan.ru/product/divan-numo-mini-textile-yellow
Диван угловой Онте Bucle Silver,,https://www.divan.ru/product/divan-uglovoj-onte-bucle-silver
Кресло Витио Velvet Yellow,,https://www.divan.ru/product/kreslo-vitio-velvet-yellow-new
Кресло Пайпел-2 Bucle Forest,,https://www.divan.ru/product/kreslo-pajpel-2-bucle-forest
Диван прямой Види Textile Navy Blue,,https://www.divan.ru/product/divan-vidi-textile-navy-blue
Кресло Ансил Bucle Milk,,https://www.divan.ru/product/kreslo-ansil-bucle-milk
Диван угловой Аронт Мини Velvet Olive,,https://www.divan.ru/product/divan-uglovoj-aront-mini-velvet-olive
Пуф Кропс Bucle Lilac,,https://www.divan.ru/product/puf-krops-bucle-lilac
Пуф Кофи Velvet Light,,https://www.divan.ru/product/puf-kofi-velvet-light
Кресло Тилар Textile Yellow,,https://www.divan.ru/product/kreslo-tilar-textile-yellow
Диван прямой Лави Velvet Moss,,https://www.divan.ru/product/divan-lavi-velvet-moss
Диван прямой Викс Textile Silver,,https://www.divan.ru/product/divan-viks-textile-silver
Кресло Лонди Cozy Ivory,,https://www.divan.ru/product/kreslo-londi-cozy-ivory
Диван прямой Лилле Velvet Atlantic,,https://www.divan.ru/product/divan-lille-velvet-atlantic
Пуф Дзен-1 Velvet Beige,,https://www.divan.ru/product/puf-dzen-1-velvet-beige
Диван прямой Саннес Velvet Terra,,https://www.divan.ru/product/divan-sannes-velvet-terra
Диван прямой Роттердам Velvet Silver,,https://www.divan.ru/product/divan-rotterdam-velvet-silver
Диван прямой Сваут Velvet Beige,,https://www.divan.ru/product/divan-svaut-velvet-beige
Диван угловой Стаус Velvet Olive,,https://www.divan.ru/product/divan-uglovoj-staus-velvet-olive
Диван прямой Терм Velvet Beige,,https://www.divan.ru/product/divan-term-velvet-beige
Кресло-кровать Кейсес Velvet Grey,,https://www.divan.ru/product/kreslo-krovat-kejses-velvet-grey
Кушетка Ринт Bucle Pink,,https://www.divan.ru/product/kushetka-rint-bucle-pink
Диван прямой Тайлин Velvet Yellow,,https://www.divan.ru/product/divan-tajlin-velvet-yellow
Кресло Элвит Cozy Ivory,,https://www.divan.ru/product/kreslo-elvit-cozy-ivory
Диван прямой Слипсон Velvet Silver,,https://www.divan.ru/product/divan-slipson-velvet-silver
Диван угловой Аллаум Linia Mint,,https://www.divan.ru/product/divan-uglovoj-allaum-linia-mint
Кресло Винси Textile Ginger,,https://www.divan.ru/product/kreslo-vinsi-textile-ginger
Диван прямой Рон Textile Grafit,,https://www.divan.ru/product/divan-ron-textile-grafit
Диван модульный Этен 1 Vertical Milk,,https://www.divan.ru/product/modulnyj-divan-eten-1-vertical-milk
Диван прямой Спейс Soft Navy Blue,,https://www.divan.ru/product/divan-spejs-soft-navy-blue
Пуф Акера-2 Velvet Yellow,,https://www.divan.ru/product/puf-akera-2-velvet-yellow
Диван прямой Эби Мини Linia Mint,,https://www.divan.ru/product/divan-abi-mini-linia-mint
Диван прямой Льери Barhat Blue,,https://www.divan.ru/product/divan-leri-barhat-blue
Диван угловой Маркфул Velvet Light,,https://www.divan.ru/product/divan-uglovoj-markful-velvet-light
Диван прямой Льери Мини Velvet Light,,https://www.divan.ru/product/divan-leri-mini-velvet-light
Диван прямой Эби Velvet Blue,,https://www.divan.ru/product/divan-ebi-velvet-blue
Диван прямой Спейс-2 Velvet Beige,,https://www.divan.ru/product/divan-spejs-2-velvet-beige
Диван модульный Риббл-1 Bucle Lilac,,https://www.divan.ru/product/modulnyj-divan-ribbl-1-bucle-lilac
Кресло Кальдера Bucle Cloud,,https://www.divan.ru/product/kreslo-kaldera-bucle-cloud
Кресло Тилар Cozy Milk,,https://www.divan.ru/product/kreslo-tilar-cozy-milk
Диван угловой Дарол Velvet Silver,,https://www.divan.ru/product/divan-uglovoj-darol-velvet-silver
Диван прямой Дисент Velvet Beige,,https://www.divan.ru/product/divan-disent-velvet-beige
Диван прямой Тилар Textile Grafit,,https://www.divan.ru/product/divan-tilar-textile-grafit
Диван угловой Эдвин Velvet Terra,,https://www.divan.ru/product/divan-uglovoj-edvin-velvet-terra
name,price,url
Диван прямой Нумо Velvet Pink,,https://www.divan.ru/product/divan-numo-velvet-pink
Банкетка Вайли Velvet Light,,https://www.divan.ru/product/banketka-vajli-velvet-light
Диван прямой Риен Velvet Stone,,https://www.divan.ru/product/divan-rien-velvet-stone
Кресло Кото Cozy Beige,,https://www.divan.ru/product/kreslo-koto-cozy-beige
Диван прямой Нумо Мини Textile Yellow,,https://www.divan.ru/product/divan-numo-mini-textile-yellow
Диван угловой Онте Bucle Silver,,https://www.divan.ru/product/divan-uglovoj-onte-bucle-silver
Кресло Витио Velvet Yellow,,https://www.divan.ru/product/kreslo-vitio-velvet-yellow-new
Кресло Пайпел-2 Bucle Forest,,https://www.divan.ru/product/kreslo-pajpel-2-bucle-forest
Диван прямой Види Textile Navy Blue,,https://www.divan.ru/product/divan-vidi-textile-navy-blue
Кресло Ансил Bucle Milk,,https://www.divan.ru/product/kreslo-ansil-bucle-milk
Диван угловой Аронт Мини Velvet Olive,,https://www.divan.ru/product/divan-uglovoj-aront-mini-velvet-olive
Пуф Кропс Bucle Lilac,,https://www.divan.ru/product/puf-krops-bucle-lilac
Пуф Кофи Velvet Light,,https://www.divan.ru/product/puf-kofi-velvet-light
Кресло Тилар Textile Yellow,,https://www.divan.ru/product/kreslo-tilar-textile-yellow
Диван прямой Лави Velvet Moss,,https://www.divan.ru/product/divan-lavi-velvet-moss
Диван прямой Викс Textile Silver,,https://www.divan.ru/product/divan-viks-textile-silver
Кресло Лонди Cozy Ivory,,https://www.divan.ru/product/kreslo-londi-cozy-ivory
Диван прямой Лилле Velvet Atlantic,,https://www.divan.ru/product/divan-lille-velvet-atlantic
Пуф Дзен-1 Velvet Beige,,https://www.divan.ru/product/puf-dzen-1-velvet-beige
Диван прямой Саннес Velvet Terra,,https://www.divan.ru/product/divan-sannes-velvet-terra
Диван прямой Роттердам Velvet Silver,,https://www.divan.ru/product/divan-rotterdam-velvet-silver
Диван прямой Сваут Velvet Beige,,https://www.divan.ru/product/divan-svaut-velvet-beige
Диван угловой Стаус Velvet Olive,,https://www.divan.ru/product/divan-uglovoj-staus-velvet-olive
Диван прямой Терм Velvet Beige,,https://www.divan.ru/product/divan-term-velvet-beige
Кресло-кровать Кейсес Velvet Grey,,https://www.divan.ru/product/kreslo-krovat-kejses-velvet-grey
Кушетка Ринт Bucle Pink,,https://www.divan.ru/product/kushetka-rint-bucle-pink
Диван прямой Тайлин Velvet Yellow,,https://www.divan.ru/product/divan-tajlin-velvet-yellow
Кресло Элвит Cozy Ivory,,https://www.divan.ru/product/kreslo-elvit-cozy-ivory
Диван прямой Слипсон Velvet Silver,,https://www.divan.ru/product/divan-slipson-velvet-silver
Диван угловой Аллаум Linia Mint,,https://www.divan.ru/product/divan-uglovoj-allaum-linia-mint
Кресло Винси Textile Ginger,,https://www.divan.ru/product/kreslo-vinsi-textile-ginger
Диван прямой Рон Textile Grafit,,https://www.divan.ru/product/divan-ron-textile-grafit
Диван модульный Этен 1 Vertical Milk,,https://www.divan.ru/product/modulnyj-divan-eten-1-vertical-milk
Диван прямой Спейс Soft Navy Blue,,https://www.divan.ru/product/divan-spejs-soft-navy-blue
Пуф Акера-2 Velvet Yellow,,https://www.divan.ru/product/puf-akera-2-velvet-yellow
Диван прямой Эби Мини Linia Mint,,https://www.divan.ru/product/divan-abi-mini-linia-mint
Диван прямой Льери Barhat Blue,,https://www.divan.ru/product/divan-leri-barhat-blue
Диван угловой Маркфул Velvet Light,,https://www.divan.ru/product/divan-uglovoj-markful-velvet-light
Диван прямой Льери Мини Velvet Light,,https://www.divan.ru/product/divan-leri-mini-velvet-light
Диван прямой Эби Velvet Blue,,https://www.divan.ru/product/divan-ebi-velvet-blue
Диван прямой Спейс-2 Velvet Beige,,https://www.divan.ru/product/divan-spejs-2-velvet-beige
Диван модульный Риббл-1 Bucle Lilac,,https://www.divan.ru/product/modulnyj-divan-ribbl-1-bucle-lilac
Кресло Кальдера Bucle Cloud,,https://www.divan.ru/product/kreslo-kaldera-bucle-cloud
Кресло Тилар Cozy Milk,,https://www.divan.ru/product/kreslo-tilar-cozy-milk
Диван угловой Дарол Velvet Silver,,https://www.divan.ru/product/divan-uglovoj-darol-velvet-silver
Диван прямой Дисент Velvet Beige,,https://www.divan.ru/product/divan-disent-velvet-beige
Диван прямой Тилар Textile Grafit,,https://www.divan.ru/product/divan-tilar-textile-grafit
Диван угловой Эдвин Velvet Terra,,https://www.divan.ru/product/divan-uglovoj-edvin-velvet-terra
name,price,url
Диван прямой Нумо Velvet Pink,5000,https://www.divan.ru/product/divan-numo-velvet-pink
Банкетка Вайли Velvet Light,1832,https://www.divan.ru/product/banketka-vajli-velvet-light
Диван прямой Риен Velvet Stone,9832,https://www.divan.ru/product/divan-rien-velvet-stone
Кресло Кото Cozy Beige,5499,https://www.divan.ru/product/kreslo-koto-cozy-beige
Диван прямой Нумо Мини Textile Yellow,5000,https://www.divan.ru/product/divan-numo-mini-textile-yellow
Диван угловой Онте Bucle Silver,18332,https://www.divan.ru/product/divan-uglovoj-onte-bucle-silver
Кресло Витио Velvet Yellow,3832,https://www.divan.ru/product/kreslo-vitio-velvet-yellow-new
Кресло Пайпел-2 Bucle Forest,6832,https://www.divan.ru/product/kreslo-pajpel-2-bucle-forest
Диван прямой Види Textile Navy Blue,5000,https://www.divan.ru/product/divan-vidi-textile-navy-blue
Кресло Ансил Bucle Milk,5332,https://www.divan.ru/product/kreslo-ansil-bucle-milk
Диван угловой Аронт Мини Velvet Olive,9999,https://www.divan.ru/product/divan-uglovoj-aront-mini-velvet-olive
Пуф Кропс Bucle Lilac,1499,https://www.divan.ru/product/puf-krops-bucle-lilac
Пуф Кофи Velvet Light,765,https://www.divan.ru/product/puf-kofi-velvet-light
Кресло Тилар Textile Yellow,3999,https://www.divan.ru/product/kreslo-tilar-textile-yellow
Диван прямой Лави Velvet Moss,7499,https://www.divan.ru/product/divan-lavi-velvet-moss
Диван прямой Викс Textile Silver,4165,https://www.divan.ru/product/divan-viks-textile-silver
Кресло Лонди Cozy Ivory,7332,https://www.divan.ru/product/kreslo-londi-cozy-ivory
Диван прямой Лилле Velvet Atlantic,7832,https://www.divan.ru/product/divan-lille-velvet-atlantic
Пуф Дзен-1 Velvet Beige,1665,https://www.divan.ru/product/puf-dzen-1-velvet-beige
Диван прямой Саннес Velvet Terra,7499,https://www.divan.ru/product/divan-sannes-velvet-terra
Диван прямой Роттердам Velvet Silver,4665,https://www.divan.ru/product/divan-rotterdam-velvet-silver
Диван прямой Сваут Velvet Beige,11165,https://www.divan.ru/product/divan-svaut-velvet-beige
Диван угловой Стаус Velvet Olive,5000,https://www.divan.ru/product/divan-uglovoj-staus-velvet-olive
Диван прямой Терм Velvet Beige,11665,https://www.divan.ru/product/divan-term-velvet-beige
Кресло-кровать Кейсес Velvet Grey,3832,https://www.divan.ru/product/kreslo-krovat-kejses-velvet-grey
Кушетка Ринт Bucle Pink,3665,https://www.divan.ru/product/kushetka-rint-bucle-pink
Диван прямой Тайлин Velvet Yellow,6665,https://www.divan.ru/product/divan-tajlin-velvet-yellow
Кресло Элвит Cozy Ivory,4999,https://www.divan.ru/product/kreslo-elvit-cozy-ivory
Диван прямой Слипсон Velvet Silver,9999,https://www.divan.ru/product/divan-slipson-velvet-silver
Диван угловой Аллаум Linia Mint,9165,https://www.divan.ru/product/divan-uglovoj-allaum-linia-mint
Кресло Винси Textile Ginger,3665,https://www.divan.ru/product/kreslo-vinsi-textile-ginger
Диван прямой Рон Textile Grafit,9999,https://www.divan.ru/product/divan-ron-textile-grafit
Диван модульный Этен 1 Vertical Milk,19325,https://www.divan.ru/product/modulnyj-divan-eten-1-vertical-milk
Диван прямой Спейс Soft Navy Blue,11165,https://www.divan.ru/product/divan-spejs-soft-navy-blue
Пуф Акера-2 Velvet Yellow,1999,https://www.divan.ru/product/puf-akera-2-velvet-yellow
Диван прямой Эби Мини Linia Mint,9832,https://www.divan.ru/product/divan-abi-mini-linia-mint
Диван прямой Льери Barhat Blue,14165,https://www.divan.ru/product/divan-leri-barhat-blue
Диван угловой Маркфул Velvet Light,13332,https://www.divan.ru/product/divan-uglovoj-markful-velvet-light
Диван прямой Льери Мини Velvet Light,10832,https://www.divan.ru/product/divan-leri-mini-velvet-light
Диван прямой Эби Velvet Blue,11165,https://www.divan.ru/product/divan-ebi-velvet-blue
Диван прямой Спейс-2 Velvet Beige,15832,https://www.divan.ru/product/divan-spejs-2-velvet-beige
Диван модульный Риббл-1 Bucle Lilac,13164,https://www.divan.ru/product/modulnyj-divan-ribbl-1-bucle-lilac
Кресло Кальдера Bucle Cloud,6165,https://www.divan.ru/product/kreslo-kaldera-bucle-cloud
Кресло Тилар Cozy Milk,3999,https://www.divan.ru/product/kreslo-tilar-cozy-milk
Диван угловой Дарол Velvet Silver,11332,https://www.divan.ru/product/divan-uglovoj-darol-velvet-silver
Диван прямой Дисент Velvet Beige,13332,https://www.divan.ru/product/divan-disent-velvet-beige
Диван прямой Тилар Textile Grafit,5332,https://www.divan.ru/product/divan-tilar-textile-grafit
Диван угловой Эдвин Velvet Terra,12165,https://www.divan.ru/product/divan-uglovoj-edvin-velvet-terra
